{"accuracy": [0.7256307601928711, 0.8205274939537048, 0.8408830165863037, 0.8629587292671204, 0.8752866983413696, 0.872706413269043, 0.8847476840019226, 0.89850914478302, 0.892201840877533, 0.9036697149276733, 0.9102637767791748, 0.9137041568756104, 0.91800457239151, 0.9185779690742493, 0.9194380640983582, 0.920298159122467, 0.9303325414657593, 0.9171444773674011, 0.9461008906364441, 0.9526949524879456, 0.9630160331726074, 0.959289014339447, 0.9630160331726074, 0.9661697149276733, 0.9635894298553467, 0.9653096199035645, 0.9678899049758911, 0.9736238718032837, 0.9756307601928711, 0.9747706651687622, 0.9750573635101318, 0.9767774939537048, 0.978210985660553, 0.9819380640983582, 0.9750573635101318, 0.9790710806846619, 0.9810779690742493, 0.9845183491706848, 0.9736238718032837, 0.9790710806846619, 0.9799311757087708, 0.9787843823432922, 0.9802178740501404, 0.9853784441947937, 0.9853784441947937, 0.9833715558052063, 0.9891055226325989, 0.9879587292671204, 0.9870986342430115, 0.9865252375602722], "loss": [2.3427467346191406, 0.5142788290977478, 0.3934398889541626, 0.33358097076416016, 0.3088016211986542, 0.31935012340545654, 0.3015415370464325, 0.250895231962204, 0.27365410327911377, 0.24724653363227844, 0.23596319556236267, 0.2259730100631714, 0.20931042730808258, 0.2016802281141281, 0.2085273116827011, 0.20282283425331116, 0.17845258116722107, 0.22803561389446259, 0.1504698395729065, 0.12397674471139908, 0.1059754341840744, 0.10379797220230103, 0.0930357426404953, 0.09070728719234467, 0.09002609550952911, 0.09561062604188919, 0.07830901443958282, 0.08021918684244156, 0.06538921594619751, 0.06385409832000732, 0.07108750194311142, 0.06401951611042023, 0.06659404188394547, 0.05477117747068405, 0.06973854452371597, 0.05676623806357384, 0.06006099283695221, 0.04397999122738838, 0.08046989887952805, 0.05296269804239273, 0.05078786984086037, 0.05700191482901573, 0.05320248752832413, 0.05227035656571388, 0.04557694494724274, 0.04396996647119522, 0.03198500722646713, 0.03783729672431946, 0.03642192482948303, 0.030148707330226898], "val_accuracy": [0.5670871734619141, 0.5447247624397278, 0.7178899049758911, 0.8471903800964355, 0.8747133016586304, 0.857798159122467, 0.8893348574638367, 0.8767201900482178, 0.9472476840019226, 0.8595183491706848, 0.8592316508293152, 0.9294725060462952, 0.9478210806846619, 0.8107798099517822, 0.9438073635101318, 0.9056766033172607, 0.8732798099517822, 0.8706995248794556, 0.9604358077049255, 0.9532683491706848, 0.9739105701446533, 0.9650229215621948, 0.9848050475120544, 0.9650229215621948, 0.9727637767791748, 0.966456413269043, 0.9630160331726074, 0.9879587292671204, 0.985951840877533, 0.9286124110221863, 0.9587156176567078, 0.9730504751205444, 0.9891055226325989, 0.9661697149276733, 0.971043586730957, 0.9908257126808167, 0.9916858077049255, 0.9865252375602722, 0.9862385392189026, 0.9948394298553467, 0.9876720309257507, 0.9870986342430115, 0.9581422209739685, 0.9787843823432922, 0.9873853325843811, 0.9896789193153381, 0.9876720309257507, 0.990539014339447, 0.9830848574638367, 0.9925458431243896], "val_loss": [4.362156391143799, 4.458774566650391, 0.9778980016708374, 0.4649330973625183, 0.3374350965023041, 0.3281174898147583, 0.3230849504470825, 0.598988950252533, 0.13650763034820557, 0.36908775568008423, 0.4758399426937103, 0.18691708147525787, 0.1347975730895996, 0.5697060227394104, 0.16813382506370544, 0.23526179790496826, 0.3407081365585327, 0.34315088391304016, 0.09031134843826294, 0.11347591876983643, 0.06515523791313171, 0.10136264562606812, 0.04939907416701317, 0.09694285690784454, 0.07965226471424103, 0.10479185730218887, 0.09939888119697571, 0.047380827367305756, 0.03910264000296593, 0.2471509873867035, 0.1275874525308609, 0.08478378504514694, 0.02580667845904827, 0.1057819128036499, 0.09125878661870956, 0.028584593906998634, 0.023178473114967346, 0.03576911985874176, 0.04600464552640915, 0.019314756616950035, 0.04108339548110962, 0.03975306451320648, 0.14382094144821167, 0.0513751395046711, 0.028484901413321495, 0.02650774084031582, 0.03226810321211815, 0.024808594956994057, 0.05280902981758118, 0.026098143309354782], "learning_rate": [0.0010000000474974513, 0.0010000000474974513, 0.0010000000474974513, 0.0010000000474974513, 0.0010000000474974513, 0.0010000000474974513, 0.0010000000474974513, 0.0010000000474974513, 0.0010000000474974513, 0.0010000000474974513, 0.0010000000474974513, 0.0010000000474974513, 0.0010000000474974513, 0.0010000000474974513, 0.0010000000474974513, 0.0010000000474974513, 0.0010000000474974513, 0.0010000000474974513, 0.00020000000949949026, 0.00020000000949949026, 0.00020000000949949026, 0.00020000000949949026, 0.00020000000949949026, 0.00020000000949949026, 0.00020000000949949026, 0.00020000000949949026, 0.00020000000949949026, 0.00020000000949949026, 0.00020000000949949026, 0.00020000000949949026, 0.00020000000949949026, 0.00020000000949949026, 0.00020000000949949026, 0.00020000000949949026, 0.00020000000949949026, 0.00020000000949949026, 0.00020000000949949026, 0.00020000000949949026, 0.00020000000949949026, 0.00020000000949949026, 0.00020000000949949026, 0.00020000000949949026, 0.00020000000949949026, 0.00020000000949949026, 0.00020000000949949026, 4.0000002627493814e-05, 4.0000002627493814e-05, 4.0000002627493814e-05, 4.0000002627493814e-05, 4.0000002627493814e-05]}